id;categoria;descripcion;precio
0;bebidas alholicas;cerveza pilsen callao six pack lata 355 ml;23.9
1;bebidas alholicas;cerveza corona sixpack lata 355 ml;25.9
2;bebidas alholicas;cerveza pilsen callao six pack lata 473 ml;31.9
3;bebidas alholicas;cerveza pilsen callao six pack botella 305 ml;24.9
4;bebidas alholicas;cerveza stella artois six pack botella 330 ml;29.9
5;bebidas alholicas;cerveza budweiser six pack botella 343 ml;24.9
6;bebidas alholicas;cerveza tres cruces six pack lata 473 ml;24.9
7;bebidas alholicas;pack 02 cerveza coronita six pack botella 210 ml;41.8
8;bebidas alholicas;cerveza cristal six pack lata 355 ml;22.9
10;bebidas alholicas;cerveza cusque„±a doble malta six pack botella 310 ml;23.9
11;bebidas alholicas;cerveza cusque„±a dorada six pack botella 310 ml;23.9
12;bebidas alholicas;cerveza cusque„±a negra six pack botella 310 ml;23.9
13;bebidas alholicas;cerveza cusque„±a trigo six pack botella 310 ml;23.9
14;bebidas alholicas;bebida de ma„≠z golden sixpack lata 355 ml;16.9
15;bebidas alholicas;cerveza coronita six pack botella 210 ml;16.9
16;bebidas alholicas;cerveza cusque„±a dorada six pack lata 355 ml;26.9
17;bebidas alholicas;cerveza cusque„±a negra six pack lata 355 ml;26.9
18;bebidas alholicas;cerveza cusque„±a trigo six pack lata 355 ml;26.9
19;bebidas alholicas;cerveza heineken six pack botella 330 ml;25.9
24;bebidas alholicas;pack 02 cerveza cusque„±a dorada six pack lata 355 ml;55.8
25;bebidas alholicas;pack 02 cerveza cusque„±a negra six pack botella 310 ml;41.9
26;bebidas alholicas;pack 02 cerveza cusque„±a negra six pack lata 355 ml;55.8
27;bebidas alholicas;pack 02 cerveza cusque„±a trigo six pack lata 355 ml;55.8
28;bebidas alholicas;pack 02 cerveza cusque„±a trigo sixpack botella 310 ml;41.9
29;bebidas alholicas;pack 02 cerveza heineken six pack botella 330 ml;70
30;bebidas alholicas;pack 02 cerveza pilsen callao six pack lata 355 ml;53
31;bebidas alholicas;pack 02 cerveza pilsen callao sixpack botella 305 ml;47.8
35;bebidas alholicas;bebida de maiz golden sixpack lata 473 ml;18.9
36;bebidas alholicas;cerveza artesanal barbarian magic quinua lata 269 ml;6.9
37;bebidas alholicas;cerveza barbarian american 174 ipa 269 ml;8.4
38;bebidas alholicas;cerveza barbarian la nena wheat ale lata 269 ml;6.9
39;bebidas alholicas;cerveza corona six pack botella 330 ml;27.9
40;bebidas alholicas;cerveza heineken fourpack lata 473 ml;20.9
41;bebidas alholicas;cerveza heineken sixpack lata 310 ml;21.9
42;bebidas alholicas;pack 02 cerveza corona six pack botella 330 ml;71.8
43;bebidas alholicas;pack 02 cerveza cusque„±a doble malta six pack botella 310 ml;41.9
48;bebidas alholicas;pack 02 cerveza tres cruces light six pack lata 310 ml;36.9
49;bebidas alholicas;pack 02 cerveza tres cruces pum pum six pack lata 310 ml;36.9
50;bebidas alholicas;pack 02 cerveza tres cruces six pack lata 310 ml (lager/light);36.9
51;bebidas alholicas;pack 03 cerveza tres cruces lager six pack lata 355 ml;66
52;bebidas alholicas;pack cerveza coronita six pack botella 210 ml + cheetos flamin hot 120g;26.8
53;bebidas alholicas;pack cerveza heineken fourpack lata 500 ml + cheetos flamin hot 120g;30.9
54;bebidas alholicas;pack ron bacardi carta oro garrafa 1.75 l + gaseosa coca cola sin az„∫car 1.5 l + hielo iglu bolsa;87.8
55;bebidas alholicas;pack vino altos del sur carmenere 750 ml + pizza familiar americana;43.8
56;bebidas alholicas;pack ron cartavio selecto 5 a„±os 750 ml + coca cola sin az„∫car 1.5 l + hielo 1.5kg;29.9
57;bebidas alholicas;pack ron abuelo a„±ejo 750 ml + coca cola sin az„∫car 1.5 l + hielo 1.5 kg;63.8
58;bebidas alholicas;pack ron bacardi a„±ejo 750 ml + coca cola sin az„∫car 1.5 l + hielo;50.9
59;bebidas alholicas;pack ron bacardi carta oro 750 ml + coca cola sin az„∫car 1.5 l + hielo 1.5 kg;40.9
60;bebidas alholicas;pack ron bacardi garrafa 1.75 l + gaseosa coca cola 3 l + hielo 1.5 kg;92.4
61;bebidas alholicas;pack ron barcelo a„±ejo garrafa 1.75 lt + coca cola sin azucar 1.5 l + hielo iglu bolsa 1.5;105.8
62;bebidas alholicas;pack ron cartavio black 1 l + coca cola 1 l + hielo 1.5 k;43.3
63;bebidas alholicas;pack ron cartavio black 750 ml + coca cola 1 l + hielo 1.5 kg;45.5
64;bebidas alholicas;pack ron cartavio black 750 ml + coca cola sin az„∫car 1 l + hielo 1.5 kg;45.5
65;bebidas alholicas;pack ron cartavio black 750 ml + coca cola sin az„∫car 1.5 l + hielo 1.5 kg;25.9
66;bebidas alholicas;pack ron cartavio reserva 8 a„±os 750 ml + coca cola sin az„∫car 1 l + hielo 1.5 kg;56.3
67;bebidas alholicas;pack ron cartavio reserva 8 a„±os 750 ml + coca cola sin az„∫car 1.5 l + hielo 1.5 kg;46.9
68;bebidas alholicas;pack ron cartavio reserva 8 a„±os 750 ml + gaseosa coca cola 1 l + hielo 1.5 kg;56.3
69;bebidas alholicas;pack ron cartavio reserva 8 a„±os 750 ml + bebida cabornatada schweppes ginger ale 1.5 l + hielo igl„∫ 1.5 kg;47.9
70;bebidas alholicas;pack ron cartavio selecto 5 a„±os 750 ml + coca cola 1 l + hielo 1.5;42.3
71;bebidas alholicas;pack ron cartavio selecto 5 a„±os 750 ml + coca cola zero 1 l + hielo 1.5;42.3
72;bebidas alholicas;pack ron flor de ca„±a oro 5 a„±os 750 ml + coca cola sin az„∫car 1.5 l + hielo 1.5 kg;59.9
73;bebidas alholicas;pack ron flor de ca„±a oro 4 a„±os 750 ml + coca cola 1l + hielo 1.5 kg;57.3
74;bebidas alholicas;pack ron flor de ca„±a oro 4 a„±os 750 ml + coca cola sin azucar 1.5 l + hielo 1.5 kg;49.9
75;bebidas alholicas;pack ron havana club a„±ejo especial 700 ml + coca cola sin az„∫car 1.5 l + hielo iglu 1.5 kg;36.9
76;bebidas alholicas;ron bacardi carta oro 750 ml;45.9
77;bebidas alholicas;ron bacardi carta oro garrafa 1.75 l;75.9
78;bebidas alholicas;ron barcelo a„±ejo garrafa 1.75 l;93.9
79;bebidas alholicas;ron cartavio selecto 5 a„±os 750 ml;36.9
80;bebidas alholicas;ron havana club a„±ejo especial 700 ml;59.9
81;bebidas alholicas;pack 02 ron havana club a„±ejo especial 700 ml;119.8
82;bebidas alholicas;pack flor de ca„±a oro 7 a„±os 750 ml + coca cola zero 1.5 l + hielo 1.5 kl;94.8
83;bebidas alholicas;pack ron bacardi carta blanca edici„≥n halloween 750 ml + gaseosa coca cola sin az„∫car 1.5 l + hielo 1.5 kg;40.9
84;bebidas alholicas;pack ron bacardi carta oro garrafa 1.75 l + gaseosa coca cola sin az„∫car 1.5 l + hielo iglu bolsa;87.8
85;bebidas alholicas;pack ron barcelo garrafa 1.75 l + 02 gaseosas coca cola 1l + hielo 1.5 kg;91.9
104;bebidas alholicas;ron bacard„≠ a„±ejo 750 ml;54.9
105;bebidas alholicas;ron cabo blanco black 1 l;19.9
106;bebidas alholicas;ron captain morgan 700 ml;45.9
107;bebidas alholicas;ron cartavio black 1 l;33.9
108;bebidas alholicas;ron cartavio black 250 ml;11.9
109;bebidas alholicas;ron cartavio black 750 ml;28.9
191;bebidas alholicas;pack vodka smirnoff red 700 ml + evervess 1.5 l + hielo 1.5 kg;36.9
192;bebidas alholicas;pack vodka smirnoff raspberry 700 ml + bebida carbonatada schweppes ginger ale 1.5 l  + hielo 1.5 kg;40.9
193;bebidas alholicas;pack vodka smirnoff raspberry 700 ml + evervess 1.5 l + hielo bolsa 1.5 kg;40.9
194;bebidas alholicas;pack vodka smirnoff red 700 ml + bebida carbonatada schweppes ginger ale 1.5 l  + hielo 1.5 kg;36.9
195;bebidas alholicas;pack vodka smirnoff watermelon 700 ml + bebida carbonatada schweppes ginger ale 1.5 l  + hielo 1.5 kg;40.9
196;bebidas alholicas;pack vodka smirnoff watermelon 700 ml + evervess  1.5 l + hielo bolsa 1.5 kg;40.9
197;bebidas alholicas;pack vodka smirnoff green apple 700 ml + bebida carbonatada schweppes ginger ale 1.5 l  + hielo 1.5 kg;40.9
198;bebidas alholicas;pack vodka smirnoff green apple 700 ml + evervess  1.5 l + hielo bolsa 1.5 kg;40.9
199;bebidas alholicas;vodka absolut 700 ml;64.9
200;bebidas alholicas;pack vodka russkaya 1 l + schweppes ginger ale 1.5 l + hielo 1.5 kg;36.2
201;bebidas alholicas;pack vodka russkaya 750 ml + cifrut punch citrus 1.5 l + hielo 1.5 kg;25.9
202;bebidas alholicas;pack vodka russkaya 750 ml + evervess 1.5 l + hielo igl„∫ 1.5 kg;25.9
203;bebidas alholicas;pack vodka russkaya 750 ml + frutaris frutas citricas 3 l + hielo 1.5 kg;25.9
204;bebidas alholicas;pack vodka russkaya 750 ml + schweppes ginger ale 1.5 l + hielo igl„∫ 1.5 kg;25.9
205;bebidas alholicas;pack vodka russkaya pink 750 ml + schweppes ginger ale 1.5 l + hielo igl„∫ 1.5 kg;27.9
206;bebidas alholicas;pack vodka russkaya yellow 750 ml + schweppes ginger ale 1.5 l + hielo igl„∫ 1.5 kg;27.9
207;bebidas alholicas;pack vodka skyy 750 ml + evervess 1.5 l + hielo 1.5 k;55.9
208;bebidas alholicas;pack vodka skyy 750 ml + schweppes ginger ale 1.5 l + hielo 1.5 kg;54.9
209;bebidas alholicas;pack vodka skyy infusions raspberry 750 ml + schweppes ginger ale 1.5 l + hielo 1.5 kg;59.9
210;bebidas alholicas;vodka russkaya 1 l;26.9
215;bebidas alholicas;vodka smirnoff raspberry 700 ml;38.9
216;bebidas alholicas;vodka smirnoff red 700ml;34.9
217;bebidas alholicas;vodka smirnoff watermelon 700 ml;38.9
218;bebidas alholicas;vodka smirnoff green apple 700 ml;38.9
219;bebidas alholicas;pack 02 smirnoff ice guaran„° lata 350 ml;13.9
220;bebidas alholicas;pack 02 smirnoff ice lata 350 ml (1 red/1 green apple);13.9
221;bebidas alholicas;pack 02 smirnoff ice red lata 350 ml;13.9
222;bebidas alholicas;pack 02 smirnoff ice green apple lata 350 ml;13.9
223;bebidas alholicas;rtd chilcano santiago queirolo lim„≥n 275 ml;6.5
224;bebidas alholicas;rtd chilcano santiago queirolo masco 275 ml;6.5
225;bebidas alholicas;pack 02 rtd chilcano santiago queirolo lim„≥n 275 ml;13
226;bebidas alholicas;pack 02 rtd chilcano santiago queirolo masco 275 ml;13
227;bebidas alholicas;pack 02 rtd chilcano santiago queirolo 275 ml (lim„≥n/masco);13
228;bebidas alholicas;rtd corona tropical frutos rojos lata 355 ml;6.9
229;bebidas alholicas;rtd corona tropical limon toronja lata 355 ml;6.9
230;bebidas alholicas;smirnoff ice green apple lata 350 ml;8.5
231;bebidas alholicas;smirnoff ice guaran„° lata 350 ml;8.5
232;bebidas alholicas;smirnoff ice red bot 355 ml;9
233;bebidas alholicas;smirnoff ice green apple 355 ml;9
234;bebidas alholicas;pack 02 smirnoff ice red botella 355 ml;14.9
235;bebidas alholicas;pack 03 smirnoff ice green apple lata 350 ml;19.9
236;bebidas alholicas;pack 03 smirnoff ice red lata 350 ml;19.9
237;bebidas alholicas;pack 03 smirnoff ice guaran„° lata 350 ml;19.9
238;bebidas alholicas;pack 03 smirnoff ice lata 350 ml (2 guaran„°/1 red);19.9
239;bebidas alholicas;pack 03 smirnoff ice lata 350 ml (2 guaran„°/1 green apple);19.9
240;bebidas alholicas;pack 03 smirnoff ice lata 350 ml (2 red/1 guaran„°);19.9
241;bebidas alholicas;pack 03 smirnoff ice lata 350 ml (2 red/1 green apple);19.9
242;bebidas alholicas;pack 03 smirnoff ice lata 350 ml (2 green apple/1 guaran„°);19.9
243;bebidas alholicas;pack 03 smirnoff ice lata 350 ml (2 green apple/1 red);19.9
244;bebidas alholicas;rtd four loko blue 473 ml;11
245;bebidas alholicas;rtd four loko gold 473 ml;11
246;bebidas alholicas;rtd four loko ponche de frutas 473 ml;11
247;bebidas alholicas;rtd four loko purple 473 ml;11
248;bebidas alholicas;rtd four loko sand„≠a 473 ml;11
249;bebidas alholicas;rtd four loko green 473 ml;11
250;bebidas alholicas;pack 02 rtd four loko blue 473 ml;14.9
255;bebidas alholicas;pack 02 rtd four loko green  473 ml;14.9
256;bebidas alholicas;pack 02 rtd four loko 473 ml (gold/blue);14.9
257;bebidas alholicas;mikes hard lemonade 355 ml;6.9
258;bebidas alholicas;mikes hard strawberry lemonade 355ml;6.9
259;bebidas alholicas;mikes passion fruit lemonade 355 ml;6.9
260;bebidas alholicas;pack 03 mikes 355 ml (01 hard lemonade/02 hard strawberry lemonade);15.9
261;bebidas alholicas;pack 03 mikes 355 ml (01 hard strawberry lemonade/02 passion fruit lemonade);15.9
262;bebidas alholicas;pack 03 mikes 355 ml (01 passion fruit lemonade/01 hard lemonade/01 hard strawberry lemonade);15.9
267;bebidas alholicas;pack 03 mikes passion fruit lemonade 355 ml;15.9
268;bebidas alholicas;psyco berry crush 473 ml;9.9
269;bebidas alholicas;psyco black mood 473 ml;9.9
270;bebidas alholicas;psyco funky green apple 473 ml;9.9
271;bebidas alholicas;psyco golden squad 473 ml;9.9
272;bebidas alholicas;rtd wild sex on the beach 355 ml;5.9
273;bebidas alholicas;rtd wild tropical orange 355 ml;5.9
274;bebidas alholicas;hit mojito botella 355 ml;5.9
279;bebidas alholicas;pack 02 rtd corona tropical frutos rojos lata 355 ml + 02 rtd corona tropical lim„≥n toronja lata 355 ml;18.9
280;bebidas alholicas;pack 02 smirnoff ice green apple botella 355 ml;14.9
281;bebidas alholicas;pack 04 rtd corona tropical limon toronja lata 355 ml;18.9
282;bebidas alholicas;piscano limon 275 ml;7.9
283;bebidas alholicas;piscano manzana 275 ml;7.9
284;bebidas alholicas;piscano maracuy„° 275 ml;7.9
285;bebidas alholicas;piscano naranja 275 ml;7.9
286;bebidas alholicas;psyco crazy grape 473 ml;9.9
291;bebidas alholicas;pack 02 psyco (1 berry crush/1 crazy grape) 473 ml;13.9
292;bebidas alholicas;pack 02 psyco (1 berry crush/1 funky green apple) 473 ml;13.9
293;bebidas alholicas;pack 02 psyco (1 berry crush/1 golden squad) 473 ml;13.9
294;bebidas alholicas;pack 02 psyco (1 berry crush/1 tropical hit) 473 ml;13.9
295;bebidas alholicas;pack 02 psyco (1 crazy grape/1 funky green apple) 473 ml;13.9
296;bebidas alholicas;pack 02 psyco (1 crazy grape/1 tropical hit) 473 ml;13.9
297;bebidas alholicas;pack 02 psyco (1 tropical hit/1 funky green apple) 473 ml;13.9
298;bebidas alholicas;pack 02 psyco berry crush 473 ml;13.9
303;bebidas alholicas;pack 02 psyco tropical hit 473 ml;13.9
304;bebidas alholicas;pack 02 rtd chilcano port„≥n (frutos rojos/limon) 355 ml;14.9
305;bebidas alholicas;pack 02 rtd chilcano port„≥n (frutos rojos/mango) 355 ml;14.9
306;bebidas alholicas;pack 02 rtd chilcano port„≥n (frutos rojos/maracuya) 355 ml;14.9
307;bebidas alholicas;pack 02 rtd chilcano port„≥n (limon/mango) 355 ml;14.9
308;bebidas alholicas;pack 02 rtd chilcano port„≥n (limon/maracuya) 355 ml;14.9
309;bebidas alholicas;pack 02 rtd chilcano port„≥n (mango/maracuya) 355 ml;14.9
310;bebidas alholicas;pack 02 rtd chilcano port„≥n frutos rojos 355 ml;14.9
315;bebidas alholicas;pack 02 rtd chilcano tabernero limon 275 ml;10.9
316;bebidas alholicas;pack 02 rtd chilcano tabernero maracuya 275 ml;10.9
317;bebidas alholicas;pack 02 rtd cubata (guarana/berries) 350 ml;9.9
318;bebidas alholicas;pack 02 rtd cubata (guarana/lima limon) 350 ml;9.9
319;bebidas alholicas;pack 02 rtd cubata (lima limon/berries) 350 ml;9.9
320;bebidas alholicas;pack 02 rtd cubata berries 350 ml;9.9
321;bebidas alholicas;pack 02 rtd cubata guarana 350 ml;9.9
322;bebidas alholicas;pack 02 rtd cubata lima limon 350 ml;9.9
327;bebidas alholicas;pack 02 rtd piscano sour lim„≥n lata 473 ml;13.9
328;bebidas alholicas;pack 02 rtd piscano sour maracuy„° lata 473 ml;13.9
329;bebidas alholicas;pack 03 rtd chilcano tabernero (02 limon/01 maracuya) 275 ml;13.9
330;bebidas alholicas;pack 03 rtd chilcano tabernero (02 maracuya/01 limon) 275 ml;13.9
331;bebidas alholicas;pack 03 rtd chilcano tabernero limon 275 ml;13.9
332;bebidas alholicas;pack 03 rtd chilcano tabernero maracuya 275 ml;13.9
333;bebidas alholicas;pack 03 rtd shelby lata 330 ml (01 lim„≥n + 02 manzana);23.7
334;bebidas alholicas;pack 03 rtd shelby lata 330 ml (02 lim„≥n + 01 manzana);23.7
339;bebidas alholicas;pack vino tabernero semi seco borgo„±a 750 ml + 02 four loko sand„≠a 473 ml;41.9
340;bebidas alholicas;piscano sour maracuy„° 700 ml;16.9
341;bebidas alholicas;rtd chilcano port„≥n frutos rojos 355 ml;11.9
342;bebidas alholicas;rtd chilcano port„≥n lim„≥n 355 ml;11.9
343;bebidas alholicas;rtd chilcano port„≥n mango 355 ml;11.9
344;bebidas alholicas;rtd chilcano port„≥n maracuya 355 ml;11.9
345;bebidas alholicas;rtd chilcano tabernero limon 275 ml;7.4
346;bebidas alholicas;rtd chilcano tabernero maracuy„° 275 ml;7.4
351;bebidas alholicas;rtd piscano sour lim„≥n lata 473 ml;7.9
352;bebidas alholicas;rtd piscano sour maracuy„° lata 473 ml;7.9
353;bebidas alholicas;rtd shelby lim„≥n lata 330 ml;6.9
354;bebidas alholicas;rtd shelby manzana lata 330 ml;6.9
355;bebidas alholicas;rtd wild passion fruit lata 355 ml;5.5
356;bebidas alholicas;rtd wild xtreme watermelon 355 ml;7.5
357;bebidas alholicas;rtd hit cuba libre lata 355 ml;5.5
358;bebidas alholicas;sour tabernero maracuya 700 ml;17.9
362;bebidas alholicas;pack 02 vino altos del sur carmenere 750 ml;37.9
363;bebidas alholicas;pack 02 vino tabernero semi seco borgo„±a 750 ml;39.8
364;bebidas alholicas;pack 02 vino tabernero semi seco rose 750 ml;39.8
365;bebidas alholicas;pack 02 vino tinto tempranillo caballero de castilla 750 ml;40.9
366;bebidas alholicas;pack 02 vino gran tinto tabernero semi seco malbec 750 ml;39.8
367;bebidas alholicas;pack vino tabernero semi seco borgo„±a 750 ml + vino tabernero semi seco rose 750 ml;39.8
368;bebidas alholicas;pack vino tabernero semi seco borgo„±a 750 ml + vino gran tinto tabernero semi seco malbec 750 ml;39.8
369;bebidas alholicas;pack vino tabernero semi seco rose 750 ml + vino gran tinto tabernero semi seco malbec 750 ml;39.8
370;bebidas alholicas;pack vino gran tinto tabernero semi seco malbec 750 ml + chocolate kisses cookies n' cream estuche lazo 102 gr;35.8
371;bebidas alholicas;vino tabernero semi seco borgo„±a 750 ml;16.9
372;bebidas alholicas;vino tabernero semi seco rose 750 ml;16.9
373;bebidas alholicas;vino tinto tempranillo caballero de castilla 750 ml;22.9
374;bebidas alholicas;pack 01 vino tabernero semi seco borgo„±a 750 ml + 01 four loko ponche de frutas 473 ml;30.9
375;bebidas alholicas;pack 01 vino tabernero semi seco borgo„±a 750 ml + 01 four loko purple 473 ml;30.9
376;bebidas alholicas;pack 01 vino tabernero semi seco borgo„±a 750 ml + 01 four loko sand„≠a 473 ml;30.9
377;bebidas alholicas;pack 02 vino altos del sur 750 ml (cabernet sauvignon y carmenere);34.9
378;bebidas alholicas;pack 02 vino altos del sur cabernet sauvignon 750 ml;34.9
379;bebidas alholicas;pack 02 vino santiago queirolo semi seco borgo„±a 750 ml;39.8
380;bebidas alholicas;pack 02 vino santiago queirolo semi seco rose 750 ml;39.8
381;bebidas alholicas;pack vino altos del sur cabernet sauvignon 750 ml + pizza familiar americana;43.8
386;bebidas alholicas;pack vino tabernero semi seco borgo„±a 750 ml + 02 four loko sand„≠a 473 ml;41.9
387;bebidas alholicas;passaporte rosso pack 2 vasos + 2 tabernero vino rose 750 ml;34.9
388;bebidas alholicas;vino altos del sur cabernet sauvignon 750 ml;20.9
389;bebidas alholicas;vino altos del sur carmenere 750 ml;20.9
390;bebidas alholicas;vino estancia mendoza cabernet malbec 750 ml;31.9
391;bebidas alholicas;vino frontera sauvignon blanco 750 ml;35.9
392;bebidas alholicas;vino intipalka malbec 750 ml;36.9
393;bebidas alholicas;vino intipalka sauvignon blanc 750 ml;36.9
394;bebidas alholicas;vino las moras malbec 750 ml;39.9
395;bebidas alholicas;vino marqu„©s del sur malbec 750 ml;21.9
396;bebidas alholicas;vino ocucaje borgo„±a 750 ml;18.9
397;bebidas alholicas;vino santiago queirolo semiseco borgo„±a 750 ml;17.5
398;bebidas alholicas;vino santiago queirolo semiseco rose 750 ml;17.5
399;bebidas alholicas;vino tabernero borgo„±a semiseco gran selecci„≥n 750 ml;23.9
400;bebidas alholicas;vino tabernero rose semiseco gran selecci„≥n 750 ml;23.9
401;bebidas alholicas;vino tinto tabernero gran tinto fina reserva 750 ml;23.9
402;bebidas alholicas;vino gran tinto tabernero semi seco malbec 750 ml;16.9
403;bebidas alholicas;espumante opera prima blue 750 ml;24.9
404;bebidas alholicas;espumante riccadonna asti 750 ml;67.9
405;bebidas alholicas;espumante riccadonna moscato rose 750 ml;67.9
406;bebidas alholicas;espumante riccadonna ruby 750 ml;67.9
407;bebidas alholicas;pack 02 espumante opera prima blue 750 ml;42.9
408;bebidas alholicas;pack 02 espumante opera prima love 750 ml;42.9
409;bebidas alholicas;pack espumante riccadonna asti 750 ml + chocolate ferrero rocher 8 und 100 gr;113.8
410;bebidas alholicas;pack espumante riccadonna ruby 750 ml + chocolate ferrero rocher 8 und 100 gr;113.8
411;bebidas alholicas;espumante opera love 750 ml;24.9
412;bebidas alholicas;espumante opera pink 750 ml;24.9
413;bebidas alholicas;pack 02 espumante opera pink 750 ml;42.9
414;bebidas alholicas;gin gordons 750 ml;50.9
415;bebidas alholicas;j„§germeister 700 ml;74.9
416;bebidas alholicas;pack 01 j„§germeister 700 ml + 02 bebida energizante red bull 250 ml;86.8
417;bebidas alholicas;pack 01 j„§germeister 700 ml + 02 bebida energizante red bull sugar free 250 ml;91.8
418;bebidas alholicas;pack 01 j„§germeister 700 ml + 02 energizante red bull tropical edition 250 ml;91.8
419;bebidas alholicas;pack gin beefeater 700 ml + agua tonica britvic fourpack + hielo;111.3
420;bebidas alholicas;pack gin tanqueray london 700 ml + agua tonica britvic four pack 150 ml + hielo iglu bolsa 1.5 kg;126.3
421;bebidas alholicas;pack licor de crema baileys 750 ml + chocolate ferrero rocher 100 gr;115.8
422;bebidas alholicas;tequila jose cuervo especial 750 ml;69.9
423;bebidas alholicas;gin beefeater 700 ml;89.9
424;bebidas alholicas;gin beefeater pink 700 ml;114.9
425;bebidas alholicas;gin bombay sapphire 750 ml;99.9
426;bebidas alholicas;gin tanqueray london 700 ml;100.9
427;bebidas alholicas;jarabe de goma artisan botella 360 ml;6.9
428;bebidas alholicas;licor de crema baileys 750 ml;84.9
429;bebidas alholicas;pack gin beefeater 700 ml + agua t„≥nica evervess 1.5 l + hielo igl„∫ 1.5 kg;77.9
430;bebidas alholicas;pack gin bombay sapphire 750 ml + agua t„≥nica evervess 1.5 l + hielo igl„∫ 1.5 kg;87.9
431;bebidas alholicas;pack gin gordons 750 ml + evervess 1.5 l + hielo 1.5 kg;47.9
432;bebidas alholicas;pack gin tanqueray 10 750 ml + agua t„≥nica britvic four pack 150 ml;190.9
433;bebidas alholicas;pack gin tanqueray flor de sevilla 750 ml + agua t„≥nica britvic four pack 150 ml;132.8
437;comidas;enrollado de jam„≥n y queso el cedro 1 und;8.9
438;comidas;enrollado de pollo el cedro;8.9
439;comidas;combo 02 pizzas familiar americana tambo;25.8
440;comidas;combo 02 pizzas familiar carnivora tambo;31.8
441;comidas;combo 02 pizzas familiar hawaiana tambo;27.8
442;comidas;combo 02 pizzas familiar pepperoni tambo;29.8
443;comidas;combo 02 pizzas familiar (americana/hawaiana);24.8
444;comidas;combo 06 empanadas de pollo tambo + 01 coca cola 1 l;13.9
445;comidas;combo 01 pizza familiar americana + 01 coca cola 1 l;16.8
446;comidas;combo 02 hamburguesa parrillera tambo + 01 coca cola 1 l;12.9
447;comidas;combo 02 pan pollo mega crocante tambo + 01 coca cola 1 l;12.9
448;comidas;combo 02 pizzas familiar (americana/carn„≠vora) + 01 coca cola 1 l;31.4
449;comidas;combo 02 pizzas familiar (pepperoni/carnivora);28.8
450;comidas;combo 02 torta de chocolate tambo;9.8
451;comidas;combo 06 empanadas (02 carne/02 pollo/02 mixtas) + 01 coca cola 1 l;16.9
452;comidas;combo 06 empanadas (02 carne/02 pollo/02 mixtas) + 01 inca kola 1 l;13.9
453;comidas;combo 06 empanadas (03 carne/03 pollo) + 01 coca cola 1 l;13.9
454;comidas;combo 06 empanadas (03 carne/03 pollo) + 01 inca kola 1 l;13.9
455;comidas;combo 06 empanadas (03 mixtas/03 pollo) + 01 coca cola 1 l;13.9
456;comidas;combo 06 empanadas (03 mixtas/03 pollo) + 01 inca kola 1 l;13.9
457;comidas;combo 06 empanadas de carne tambo + 01 coca cola 1 l;13.9
458;comidas;combo 06 empanadas de carne tambo + 01 inca kola 1 l;13.9
459;comidas;combo 06 empanadas de pollo tambo + 01 inca kola 1 l;13.9
460;comidas;combo 05 empanadas de carne;12.5
461;comidas;combo 05 empanadas de pollo;12.5
462;comidas;combo 05 empanadas mixtas;12.5
463;comidas;combo 02 hamburguesa doble con queso tambo;13.8
464;comidas;combo 02 hamburguesa parrillera tambo;13.8
465;comidas;combo 02 pan pollo mega crocante tambo;13.8
466;comidas;combo 02 torta helada tambo;9.8
467;comidas;combo 02 torta selva negra tambo;9.8
468;comidas;combo 02 tres leches tambo;9.8
469;comidas;empanada aj„≠ de gallina tambo;4.2
470;comidas;empanada mixta tambo;3.2
471;comidas;empanada de carne tambo;3.2
472;comidas;empanada de pollo tambo;3.2
473;comidas;cheesecake de maracuya tambo;4.9
474;comidas;combo 02 hamburguesa de res + gaseosa coca cola 1 l;14.7
475;comidas;combo 02 hamburguesa de res + gaseosa inca kola 1 l;14.7
476;comidas;combo 02 pizza familiar carn„≠vora tambo + gaseosa coca cola 1 l;36.7
477;comidas;combo 02 pizza familiar hawaiana tambo + gaseosa coca cola 1 l;32.7
478;comidas;combo 02 pizza familiar hawaiana tambo + gaseosa inca kola 1 l;32.7
479;comidas;combo 02 pizza familiar pepperoni tambo + gaseosa coca cola 1 l;34.7
480;comidas;combo 02 pizzas familiar americana tambo + gaseosa coca cola 1 l;30.7
485;comidas;combo 04 empanadas de carne tambo + jugo arandano pi„±a‚†epic‚† 380 ml;17.2
486;comidas;combo 04 empanadas de carne tambo + jugo naranja‚†epic‚† 380 ml;17.2
487;comidas;combo 04 empanadas de pollo tambo + jugo arandano pi„±a‚†epic‚† 380 ml;17.2
488;comidas;combo 04 empanadas de pollo tambo + jugo naranja‚†epic‚† 380 ml;17.2
489;comidas;combo 04 empanadas mixta tambo + jugo arandano pi„±a‚†epic‚† 380 ml;17.2
490;comidas;combo 04 empanadas mixta tambo + jugo naranja‚†epic‚† 380 ml;17.2
491;comidas;combo 10 empanadas cl„°sicas (04 carne/04 pollo/02 mixta);18.9
492;comidas;combo 10 empanadas cl„°sicas (05 carne/05 mixta);18.9
493;comidas;combo 10 empanadas cl„°sicas (05 pollo/05 carne);18.9
494;comidas;combo 10 empanadas cl„°sicas (05 pollo/05 mixta);18.9
495;comidas;combo 10 empanadas de carne;18.9
496;comidas;combo 10 empanadas de pollo;18.9
497;comidas;combo 10 empanadas mixta;18.9
498;comidas;combo 5 empanadas carne + gaseosa coca cola 1 l;17.1
499;comidas;combo 5 empanadas carne + gaseosa inca kola 1 l;17.1
500;comidas;combo 5 empanadas mixta + gaseosa coca cola 1 l;17.1
501;comidas;combo 5 empanadas mixta + gaseosa inca kola 1 l;17.1
502;comidas;combo empanada de carne + jugo‚†epic‚†naranja 250 ml;7
503;comidas;combo empanada de carne + jugo‚†epic‚†zanahoria naranja 250 ml;7
504;comidas;combo empanada mixta + jugo‚†epic‚†zanahoria naranja 250 ml;7
505;comidas;combo hamburguesa pollo + jugo epic naranja 250 ml;9
506;comidas;combo hamburguesa pollo + jugo‚†epic‚†zanahoria naranja 250 ml;9
507;comidas;combo hamburguesa de pollo + hamburguesa de res + gaseosa coca cola 1 l;14.7
508;comidas;combo hamburguesa de pollo + hamburguesa de res + gaseosa inca kola 1 l;14.7
509;comidas;combo pan pollo deshilachado + jugo‚†epic‚†mango maracuya 250 ml;9
510;comidas;combo pan pollo deshilachado + jugo‚†epic‚†naranja 250 ml;9
511;comidas;combo pan pollo deshilachado + jugo‚†epic‚†zanahoria naranja 250 ml;9
512;comidas;pack 02 cerveza cusque„±a trigo sixpack botella 310 ml;41.9
513;comidas;pan con choriburguer tambo;4.9
514;comidas;pie de lim„≥n tambo;4.9
515;comidas;torta helada tambo;4.9
516;comidas;torta selva negra tambo 1 und;4.9
521;comidas;combo 01 pizza familiar americana + 01 inka cola sin az„∫car 1 l;16.8
522;comidas;combo 01 pizza familiar hawaiana + 01 coca cola 1 l;17.8
523;comidas;combo 01 pizza familiar hawaiana + 01 inca kola 1 l;17.8
524;comidas;combo 01 pizza familiar mozzarella + 01 coca cola 1 l;15.8
525;comidas;combo 01 pizza familiar mozzarella + 01 coca cola sin az„∫car 1 l;15.8
526;comidas;combo 01 pizza familiar mozzarella + 01 inca kola 1 l;15.8
527;comidas;combo 01 pizza familiar mozzarella + 01 inca kola sin az„∫car 1 l;15.8
528;comidas;combo 02 cheesecake de maracuya tambo;9.8
533;comidas;combo 02 hamburguesa parrillera tambo + 01 inca kola 1 l;12.9
534;comidas;combo 02 hamburguesa queso y tocino tambo + 02 gaseosa guaran„° 300 ml;12.8
535;comidas;combo 02 hamburguesa royal con queso tambo + 01 gaseosa coca cola 1 l;12.9
536;comidas;combo 02 hamburguesa royal con queso tambo + 01 gaseosa inca kola 1 l;12.9
537;comidas;combo 02 hamburguesa de pollo + gaseosa coca cola 1 l;14.7
538;comidas;combo 02 hamburguesa de pollo + gaseosa inca kola 1 l;14.7
539;comidas;combo 02 pan con choriburguer tambo + gaseosa coca cola 1 l;14.7
540;comidas;combo 02 pan pollo deshilachado + gaseosa coca cola 1 l;9.8
545;comidas;combo 02 papa rellena + 01 inca kola 1 lt;12.7
546;comidas;combo 02 papa rellena + 01 inca kola sin az„∫car 1 lt;12.7
547;comidas;combo 02 pie de lim„≥n tambo;9.8
548;comidas;combo 02 pizza familiar americana/mozzarella tambo + gaseosa coca cola 1 l;30.7
549;comidas;combo 02 pizza familiar americana/mozzarella tambo + gaseosa inca kola 1 l;30.7
550;comidas;combo 02 pizza familiar mozzarella tambo + gaseosa coca cola 1 l;30.7
551;comidas;combo 02 pizza familiar mozzarella tambo + gaseosa inca kola 1 l;30.7
552;comidas;combo 02 pizza personal tambo (americana/carnivora);8.8
553;comidas;combo 02 triple de jamon queso y pollo tambo;9.8
557;comidas;combo 03 torta selva negra tambo;9.9
558;comidas;combo 03 torta de chocolate tambo;9.9
559;comidas;combo 03 tres leches tambo;9.9
560;comidas;combo 04 empanadas premium (02 empanadas aji de gallina/02 empanadas lomo saltado);15.6
561;comidas;combo 04 empanadas premium (02 empanadas de chanchito oriental/02 empanadas de aji de gallina);15.6
562;comidas;combo 04 empanadas premium (02 empanadas de chanchito oriental/02 empanadas de lomo saltado);15.6
563;comidas;combo 05 cheesecake de maracuya;24.5
564;comidas;combo 05 empanadas de carne + 01 gaseosa coca cola 1l;19.4
569;comidas;combo 05 empanadas mixta + 01 gaseosa inca kola 1l;19.4
570;comidas;combo 05 torta de chocolate tambo;24.5
571;comidas;combo 05 torta helada tambo;24.5
572;comidas;combo 05 torta selva negra tambo;24.5
573;comidas;combo 05 tortas (chocolate/selva negra/helada/tres leches/cheesecake de maracuya);24.5
574;comidas;combo 05 tres leches tambo;24.5
575;comidas;combo 5 empanadas pollo + gaseosa coca cola 1 l;17.1
576;comidas;combo 5 empanadas pollo + gaseosa inca kola 1 l;17.1
581;comidas;combo empanada mixta + jugo‚†epic‚†mango maracuya 250 ml;7
582;comidas;combo empanada mixta + jugo‚†epic‚†naranja 250 ml;7
583;comidas;combo hamburguesa pollo + jugo‚†epic‚†mango maracuya 250 ml;9
584;comidas;empanada de chanchito oriental;4.2
585;comidas;empanada de choclo con queso;4.2
586;comidas;enrollado de pollo bbq el cedro 1 und;9.9
587;comidas;enrollado pizzero el cedro 1 und;9.9
588;comidas;enrollado pollo a la brasa el cedro 1 und;10.4
589;comidas;enrollado de pollo jamon queso tambo 1 und;7.4
590;comidas;gelatina tambo 1 und;1.9
591;comidas;hamburguesa doble con queso tambo;6.9
592;comidas;hamburguesa onion rings;6.9
593;comidas;hamburguesa parrillera tambo;7.9
594;comidas;hamburguesa queso y tocino tambo;6.9
595;comidas;hamburguesa royal con queso y huevo;6.9
596;comidas;hamburguesa de pollo tambo;4.9
597;comidas;hamburguesa de res tambo;9.8
598;comidas;pack vino altos del sur cabernet sauvignon 750 ml + pizza familiar americana;43.8
599;comidas;pack vino altos del sur cabernet sauvignon 750 ml + pizza familiar mozzarella;42.8
600;comidas;pack vino altos del sur carmenere 750 ml + pizza familiar americana;43.8
601;comidas;pack vino altos del sur carmenere 750 ml + pizza familiar mozzarella;42.8
602;comidas;pan pollo deshilachado tambo;4.9
603;comidas;pan pollo mega crocante tambo;6.9
604;comidas;papa rellena tambo;3.9
606;comidas;pizza familiar carnivora tambo;16.9
609;comidas;pizza personal carnivora tambo 1 und;5.4
610;comidas;pizza familiar hawaiana tambo;12.9
611;comidas;pizza personal americana tambo;3.9
612;comidas;tres leches tambo;4.9
613;comidas;triple de jamon queso y pollo tambo;5.9
614;comidas;triple de jam„≥n, queso y huevo;4.5
615;bebidas no alholicas;gaseosa inca kola + coca cola twopack 3 l;21.9
616;bebidas no alholicas;gaseosa coca cola 3 l;12
617;bebidas no alholicas;gaseosa inca kola 3 l;12
618;bebidas no alholicas;gaseosa coca cola 2.5 l;9.9
619;bebidas no alholicas;gaseosa inca kola 2.5 l;9.9
620;bebidas no alholicas;gaseosa inca kola sin azucar twopack 1.5 l;14.4
621;bebidas no alholicas;gaseosa coca cola sin azucar 1.5 l;3.9
622;bebidas no alholicas;gaseosa inca kola sin azucar 1.5 l;7.5
623;bebidas no alholicas;gaseosa coca cola 1 l;2.9
624;bebidas no alholicas;gaseosa coca cola sin az„∫car 1 l;2.9
625;bebidas no alholicas;gaseosa inca kola 1 l;2.9
626;bebidas no alholicas;gaseosa inca kola sin az„∫car 1 l;2.9
627;bebidas no alholicas;pack 02 gaseosas 1 l (01 coca cola + 01 inca kola);9.5
628;bebidas no alholicas;pack 02 gaseosas coca cola 1 l;9.5
629;bebidas no alholicas;pack 02 gaseosas coca cola sin az„∫car 1 l;9.5
630;bebidas no alholicas;pack 02 gaseosas inca kola 1 l;9.5
631;bebidas no alholicas;pack 02 gaseosas inca kola sin az„∫car 1 l;9.5
632;bebidas no alholicas;pack 02 gaseosas sin az„∫car 1 l (01 coca cola + 01 inca kola);9.5
633;bebidas no alholicas;bebida carbonatada schweppes citrus 1.5 l;5.9
634;bebidas no alholicas;bebida carbonatada schweppes ginger ale 1.5 l;5.9
635;bebidas no alholicas;pack 03 bebida carbonatada schweppes citrus 1.5 l;20.7
636;bebidas no alholicas;pack 03 bebida carbonatada schweppes ginger ale 1.5 l;20.7
637;bebidas no alholicas;pack 06 bebida carbonatada schweppes citrus 1.5 l;41.4
638;bebidas no alholicas;pack 06 bebida carbonatada schweppes ginger ale 1.5 l;41.4
639;bebidas no alholicas;bebida evervess carbonatada 1.5 l;5.9
640;bebidas no alholicas;pack 03 bebida carbonatada evervess 1.5 l;20.7
641;bebidas no alholicas;gaseosa coca cola 500 ml;2.9
642;bebidas no alholicas;gaseosa coca cola sin azucar 500 ml;2.9
643;bebidas no alholicas;gaseosa inca kola 500 ml;2.9
644;bebidas no alholicas;gaseosa inca kola sin azucar 500 ml;2.9
645;bebidas no alholicas;gaseosa sprite 2.25 l;7.9
646;bebidas no alholicas;gaseosa guaran„° vitaminizada 3 l;7
647;bebidas no alholicas;gaseosa guaran„° vitaminizada 2 l;5.9
648;bebidas no alholicas;gaseosa pepsi 3 l;11
649;bebidas no alholicas;gaseosa pepsi 1.5 l;6.5
650;bebidas no alholicas;gaseosa pepsi 1 l;4.4
651;bebidas no alholicas;agua embotellada mineral san mateo sin gas 2.5 l;2.8
652;bebidas no alholicas;sixpack agua san mateo con gas 600 ml;8.9
653;bebidas no alholicas;sixpack agua san mateo sin gas 600 ml;8.9
654;bebidas no alholicas;agua san mateo con gas 600 ml;2.2
655;bebidas no alholicas;agua san mateo sin gas 600 ml;2.2
656;bebidas no alholicas;monster energy 473 ml;7.9
657;bebidas no alholicas;monster energy ultra 473 ml;7.9
658;bebidas no alholicas;monster mango loco 473 ml;7.9
659;bebidas no alholicas;monster zero sugar 473 ml;7.9
660;bebidas no alholicas;gatorade apple ice 500 ml;3.6
661;bebidas no alholicas;gatorade mandarina 500 ml;3.6
662;bebidas no alholicas;gatorade tropical fruit 1 l;6.1
663;bebidas no alholicas;gatorade tropical fruit 500 ml;3.6
664;bebidas no alholicas;agua san luis sin gas tapa plana 1 l;2.4
665;bebidas no alholicas;bebida energizante red bull 355 ml;10.9
666;bebidas no alholicas;energizante volt dark 300 ml;2.6
667;bebidas no alholicas;energizante volt sin azucar 300 ml;2.8
668;bebidas no alholicas;jugo frugos del valle durazno 1 l;4.5
669;bebidas no alholicas;jugo frugos del valle durazno 300 ml;2.4
670;bebidas no alholicas;jugo frugos del valle durazno pet 1 l;5.9
671;bebidas no alholicas;jugo frugos del valle fresh fruit punch 500 ml;1.6
672;bebidas no alholicas;jugo frugos del valle fresh manzana 500 ml;1.6
673;bebidas no alholicas;jugo frugos del valle fresh naranja 500 ml;1.6
674;bebidas no alholicas;jugo frugos del valle mango 1 l;4.5
675;bebidas no alholicas;jugo frugos del valle naranja pet 1 l;5.9
676;bebidas no alholicas;pack 02 agua de mesa fontlife sin gas 1 l;4
677;bebidas no alholicas;pack 02 agua mineral san mateo sin gas 2.5 l;8.8
678;bebidas no alholicas;pack 02 bebida energizante red bull 250 ml;12.9
679;bebidas no alholicas;pack 02 bebida energizante red bull 355 ml;19.8
680;bebidas no alholicas;pack 02 bebida energizante red bull sugar free 250 ml;12.9
681;bebidas no alholicas;pack 02 bebida energizante red bull tropical edition 250 ml;12.9
682;bebidas no alholicas;pack 02 gaseosa coca cola sin az„∫car 1.5 l;9.9
683;bebidas no alholicas;pack 02 suerox adulto 630 ml (fresa kiwi/manzana);11
684;bebidas no alholicas;pack 02 suerox adulto 630 ml (fresa kiwi/mora azul);11
685;bebidas no alholicas;pack 02 suerox adulto 630 ml (manzana/mora azul);11
686;bebidas no alholicas;pack 02 suerox adulto fresa kiwi 630 ml;11
687;bebidas no alholicas;pack 02 suerox adulto manzana 630 ml;11
688;bebidas no alholicas;pack 02 suerox adulto mora azul 630 ml;11
689;bebidas no alholicas;pack 03 agua mineral san mateo sin gas 2.5 l;13.8
690;bebidas no alholicas;pack 03 agua t„≥nica evervess 1.5 l;20.7
691;bebidas no alholicas;pack 03 gaseosa pepsi 1 l;10.8
692;bebidas no alholicas;pack 04 gaseosa pepsi 1 l;11
693;bebidas no alholicas;pack 04 gaseosas 1 l (02 coca cola + 02 inca kola);12.9
694;bebidas no alholicas;pack 04 gaseosas coca cola 1 l;12.9
699;bebidas no alholicas;suerox bebida hidratante sin az„∫car manzana 630ml;6.5
700;bebidas no alholicas;suerox bebida hidratante sin az„∫car mora azul 630ml;6.5
701;bebidas no alholicas;agua cielo con gas 625 ml;1.9
702;bebidas no alholicas;agua cielo sin gas 625 ml;1.9
703;bebidas no alholicas;agua de mesa fontlife sin gas 1 l;2
704;bebidas no alholicas;agua de mesa fontlife sin gas 10 l;9.5
705;bebidas no alholicas;agua de mesa fontlife sin gas 2.5 l;2.5
706;bebidas no alholicas;agua embotellada cielo sin gas 1 l;3.1
711;bebidas no alholicas;agua saborizada san luis maracuy„° con gas 625 ml;2.2
712;bebidas no alholicas;agua saborizada san luis pi„±a kion 625 ml;2.2
713;bebidas no alholicas;agua san carlos sin gas 750 ml;2.1
714;bebidas no alholicas;agua san luis sin gas 750 ml;1.8
715;bebidas no alholicas;agua san luis con gas 625 ml;1.8
716;bebidas no alholicas;agua san luis sin gas 2.5 l;3.5
717;bebidas no alholicas;agua t„≥nica britvic four pack;20.9
718;bebidas no alholicas;agua t„≥nica evervess 1.5 l;5.9
723;bebidas no alholicas;bebida energizante red bull 250 ml;8.9
724;bebidas no alholicas;bebida energizante red bull sugar free 250 ml;8.9
725;bebidas no alholicas;bebida energizante red bull watermelon edition 250 ml;8.9
726;bebidas no alholicas;combo 02 papa rellena + 01 coca cola 1 lt;12.7
727;bebidas no alholicas;combo 02 papa rellena + 01 coca cola sin az„∫car 1 lt;12.7
728;bebidas no alholicas;combo 02 papa rellena + 01 inca kola 1 lt;12.7
729;bebidas no alholicas;combo 02 papa rellena + 01 inca kola sin az„∫car 1 lt;12.7
730;bebidas no alholicas;combo 05 empanadas de carne + 01 gaseosa coca cola 1l;19.4
735;bebidas no alholicas;energizante vol pink 300 ml;2.6
736;bebidas no alholicas;energizante volt gamer lata 473 ml;5
737;bebidas no alholicas;gaseosa big cola 3.3 l;9.6
738;bebidas no alholicas;gaseosa coca cola zero 300 ml;2.2
739;bebidas no alholicas;gaseosa coca cola sin az„∫car twopack pet 1.5 l;14.4
740;bebidas no alholicas;gaseosa concordia pi„±a 500 ml;2.5
741;bebidas no alholicas;gaseosa fanta 2.25 l;7.9
742;bebidas no alholicas;gaseosa fanta 300 ml;2.4
747;bebidas no alholicas;gaseosa guaran„° 1 l;4.5
748;bebidas no alholicas;gaseosa guaran„° 300 ml;2
749;bebidas no alholicas;gaseosa guaran„° backus 450 ml;2.7
750;bebidas no alholicas;gaseosa inca kola zero 300 ml;2.2
751;bebidas no alholicas;gaseosa pepsi 355 ml;2.1
752;bebidas no alholicas;gaseosa pepsi 750 ml;3.8
753;bebidas no alholicas;gaseosa seven up 1.5 l;5.4
754;bebidas no alholicas;gaseosa seven up 3 l;8.6
759;bebidas no alholicas;gaseosa triple kola pet 500 ml;2.6
760;bebidas no alholicas;jugo ar„°ndano pi„±a epic 380 ml;5.6
761;bebidas no alholicas;jugo cifrut citrus punch 1.5 l;5.4
762;bebidas no alholicas;jugo epic aguaymanto pi„±a 380 ml;5.6
763;bebidas no alholicas;jugo epic mango maracuya 250 ml;4.2
764;bebidas no alholicas;jugo epic mango maracuya 380 ml;5.6
765;bebidas no alholicas;jugo epic naranja 250 ml;4.2
766;bebidas no alholicas;jugo epic zanahoria naranja 250 ml;4.2
771;bebidas no alholicas;jugo mogu mogu fresa 320 ml;5.9
772;bebidas no alholicas;jugo mogu mogu uva 320 ml;5.9
773;bebidas no alholicas;jugo naranja epic 380 ml;5.6
774;bebidas no alholicas;jugo pulp durazno tetrapak 315 ml;2.4
775;bebidas no alholicas;jugo tampico citrus punch 1.5 l;4.4
776;bebidas no alholicas;jugo tampico citrus punch 500 ml;1.9
777;bebidas no alholicas;pack 02 bebida energizante red bull watermelon edition 250 ml;12.9
778;bebidas no alholicas;pack 02 energizante monster energy 473 ml;11.5
783;bebidas no alholicas;pack 06 gaseosa coca cola zero 300 ml;13.2
784;bebidas no alholicas;pack 06 gaseosa inca kola zero 300 ml;13.2
785;bebidas no alholicas;rehidratante sporade blueberry tapa plana 500 ml;2.8
786;bebidas no alholicas;rehidratante sporade mandarina tapa plana 500 ml;2.8
787;bebidas no alholicas;rehidratante sporade tropical tapa plana 500 ml;2.8
788;bebidas no alholicas;six pack rehidratante gatorade 500 ml (03 apple ice/03 cool blue);10.9
789;bebidas no alholicas;six pack rehidratante gatorade 500 ml (03 apple ice/03 mandarina);10.9
790;bebidas no alholicas;six pack rehidratante gatorade 500 ml (03 apple ice/03 tropical fruit);10.9
795;bebidas no alholicas;six pack rehidratante gatorade mandarina 500 ml;10.9
796;bebidas no alholicas;six pack rehidratante gatorade tropical fruit 500 ml;10.9
797;bebidas no alholicas;sixpack agua mineral san mateo sin gas 2.5 l;16.8
798;bebidas no alholicas;sixpack coca cola 500ml;17.4
799;bebidas no alholicas;sixpack coca cola zero 500ml;17.4
800;bebidas no alholicas;sixpack inca kola 500ml;17.4
801;bebidas no alholicas;sixpack inca kola zero 500ml;17.4
802;bebidas no alholicas;suerox bebida hidratante sin az„∫car fresa kiwi 630ml;6.5
805;cigarros;vapeador electr„≥nico meloso berry trio ice 9000 puff 1 und;74.9
806;cigarros;vapeador electr„≥nico meloso sour apple ice 9000 puff 1und;74.9
807;cigarros;vapeador electr„≥nico meloso strawberry mango 9000 puff 1und;74.9
808;cigarros;vapeador electr„≥nico boom blue razz 1 und;39.9
809;cigarros;vapeador electr„≥nico boom mango ice 1 und;39.9
810;cigarros;vapeador electr„≥nico boom grape ice 1 und;39.9
811;cigarros;cigarro electr„≥nico stlth apple kiwi melon ice 5000 puff 1 und;44.9
812;cigarros;cigarro electr„≥nico stlth berry burst ice mini 1 und;21.9
813;cigarros;cigarro electr„≥nico stlth strawberry lime ice 8000 puff 1 und;59.9
814;cigarros;cigarro electr„≥nico stlth grape ice mini 1 und;21.9
815;cigarros;cigarro electr„≥nico stlth maxngo aloe ice 5000 puff  1 und;44.9
816;cigarros;cigarro l&m electro fusion ks box 10 und;6.6
817;cigarros;cigarro l&m forward blue ks 20 und;12
818;cigarros;cigarro marlboro double burst 10 und;10.5
819;cigarros;cigarro marlboro double burst 20;19
820;cigarros;cigarro marlboro exotic fusion ks box 20 und;17
821;cigarros;cigarro marlboro fusion ks 20 und;19
822;cigarros;cigarro marlboro gold 10 und;9
823;cigarros;cigarro marlboro gold 20;17.5
824;cigarros;cigarro marlboro kretek mint ks 20;19
829;cigarros;cigarro winston red 10 und;8.7
830;cigarros;encendedor braza 1 und;1.2
831;cigarros;papel p/cigarro ocb organic hemp n‚∞1 50 und;3.5
832;cigarros;papel p/cigarro ocb premium n‚∫ 1 negro 50 und;3.5
833;cigarros;papel p/cigarro ocb x-pert n‚∫ 1 azul 50 und;3.5
834;cigarros;pod stlth 5% double mint caja 2 und;30
835;cigarros;pod stlth 5% grape ice caja 2 und;30
836;cigarros;vapeador electronico meloso max apple sunrise 9000 puff  1 und;74.9
837;cigarros;vapeador electronico meloso max coconut shake 9000 puff  1 und;74.9
838;cigarros;vapeador electronico meloso max colombian coffe ice 9000 puff  1 und;74.9
839;cigarros;vapeador electronico meloso max purple haze 9000 puff  1 und;74.9
840;cigarros;vapeador electronico meloso mini blueberry ice 1500 puff  1 und;24.9
841;cigarros;vapeador electronico meloso mini grape jelly 1500 puff  1 und;24.9
842;cigarros;vapeador electronico meloso mini peach berry 1500 puff  1 und;24.9
843;cigarros;vapeador electronico meloso mini strawberry maxngo 1500 puff  1 und;24.9
844;cigarros;vapeador electr„≥nico meloso alaska mint 1500 puff  1 und;24.9
845;cigarros;vapeador electr„≥nico meloso meico maxngo 1500 puff  1 und;24.9
846;cigarros;vapeador electr„≥nico meloso pina colada 1500 puff  1 und;24.9
847;cigarros;vapeador electr„≥nico meloso strawberry banana 1500 puff  1 und;24.9
848;cigarros;vapeador electr„≥nico meloso watermelon ice 9000 puff;74.9
849;piqueos y snacks;papas lays cl„°sicas 150g;8.4
1000;piqueos y snacks;pop corn jappy snack acaramelado 30 gr;1.5
1001;piqueos y snacks;pop corn jappy snack original 95 gr;2.9
1002;piqueos y snacks;pop corn movie pop extra mantequilla 90 gr;2.9
1003;piqueos y snacks;pop corn movie pop mantequilla 90 gr;2.9
1004;piqueos y snacks;pop corn movie pop natural 90 gr;2.9
1005;piqueos y snacks;pop corn movie pop tripack extra mantequilla 270 gr;8.9
1006;piqueos y snacks;potato snack nongshim 55 gr;7.9
1007;piqueos y snacks;snack blends villa natura cocktail premium 80 gr;8.4
1008;piqueos y snacks;snack inka corn ma„≠z gigante chile picante 100 gr;6.9
1009;piqueos y snacks;snack inka corn ma„≠z gigante original 100 gr;6.9
1010;piqueos y snacks;sweet potato snack nongshim 55 gr;7.9
1011;piqueos y snacks;taquitos hot jappy snack 28 gr;1.5
1012;piqueos y snacks;taquitos hot jappy snack 84 gr;4.9
1013;piqueos y snacks;tor-tees picante 138g;5.9
1014;piqueos y snacks;tostitos redondos salado 280g;12.9
1015;piqueos y snacks;yogurt mix granuts 180 gr;11.9
1016;piqueos y snacks;yogurt mix granuts 40 gr;3.5
1017;confiteria;ba„±ado chocolate mani gordis 21g;2.3
1018;confiteria;ba„±ado chocolate pasas gordis 21g;2.3
1019;confiteria;bomb„≥n bon o bon coraz„≥n acr„≠lico 105 gr;20
1020;confiteria;chicle trident 5s yerba 8.5 gr;1.9
1021;confiteria;chocolate arcor semiamargo 50% 25 gr;2.7
1022;confiteria;chocolate bon o bon osito 75 gr;18.4
1023;confiteria;chocolate ferrero rocher 100 gr;34.9
1024;confiteria;chocolate nestle triangulo doypack 136 gr;14.9
1025;confiteria;chocolate princesa coraz„≥n 144 gr;23.9
1026;confiteria;chocolate princesa doypack 136 g;14.9
1027;confiteria;chocolate rocklets doypack 150 gr;15.2
1028;confiteria;chocolate tableta bon o bon leche 1 und;2.4
1029;confiteria;chocolate vizzio cereal 21 gr;1
1030;confiteria;chocolate vizzio gragea man„≠ 21 gr;1
1031;confiteria;galleta choko soda 36 g;1.9
1032;confiteria;galleta oreo xl regular 54 gr;2
1033;confiteria;galleta picaras coraz„≥n fresa 40 gr;1.2
1034;confiteria;galleta de arroz coste„±o cl„°sica 50 gr;2.2
1035;confiteria;galleta de arroz coste„±o finas hierbas 50 gr;2.2
1036;confiteria;galletas surtiditas arcor 400 gr;8.5
1037;confiteria;nestl„© sublime chocolate doypack 136 gr;14.9
1038;confiteria;pack 02 chocolate princesa doypack 136 gr;29.8
1039;confiteria;wafer nik ba„±ado 34 gr;1.4
1040;confiteria;alfajor bon o bon 40 gr;3.4
1041;confiteria;barquillo morochas stick 28 g;2.2
1042;confiteria;barquillo obsesi„≥n 21 g;1.5
1043;confiteria;barra de chocolate snickers peanut butter 1 und;5.3
1044;confiteria;bauducco cookies chocolate 100 gr;6.9
1045;confiteria;bauducco cookies original 100 gr;6.9
1046;confiteria;ba„±ado chocolate galleta gordis 21g;2.3
1047;confiteria;beso de moza cl„°sico 9 und;9.9
1048;confiteria;bizcocho ba„±ado chocman black 29 gr;1.8
1049;confiteria;bizcocho ba„±ado chocman doble black 53 gr;2
1050;confiteria;bombones montblanc surtidos 8 und;18.9
1051;confiteria;bomb„≥n bon o bon leche 15 gr;1.6
1052;confiteria;bomb„≥n bon o bon leche caja 105 gr;20.4
1053;confiteria;bon o bon coraz„≥n chocolinas pote mini 105 gr;20
1054;confiteria;bon o bon fresa pote coraz„≥n mini 105 gr;20
1055;confiteria;caramelo ambrosoli full cherry 22.5 gr;1.3
1056;confiteria;caramelo ambrosoli mentitas 21 g;1.3
1057;confiteria;caramelo barbie anillo diamante 13 gr;1.7
1058;confiteria;caramelo halls cherry lyptus barra 1 und;2
1059;confiteria;caramelo halls extra strong barra 1 und;2
1060;confiteria;caramelo halls fruit mix barra;2
1061;confiteria;caramelo halls mora azul barra 1 und;2
1062;confiteria;caramelo mentos clean breath peppermint 17.5 gr;7.9
1063;confiteria;caramelo mentos clean breath wintergreen 17.5 gr;7.9
1064;confiteria;caramelo push pop sabores surtidos;6.9
1065;confiteria;caramelo skittles original 62 g;5.9
1066;confiteria;caramelo skittles wild berry candy 62 g;5.9
1067;confiteria;caramelo tic tac menta 16 gr;2
1068;confiteria;caramelo tic tac naranja 16 gr;2
1069;confiteria;ca„±onazo costa 22 g;1.4
1070;confiteria;chicle aterralenguas super hiper „Åcido 22g 1 und;1.7
1071;confiteria;chicle boogie fresa sand„≠a „≥ naranja 1 und;0.9
1072;confiteria;chicle bubbaloo sparkies adams 25 gr;1.7
1073;confiteria;chicle trident 5s fresa 8.5 gr;1.9
1074;confiteria;chicle trident 5s menta 8.5 gr;1.9
1075;confiteria;chicle trident 5s mora 8.5 gr;1.9
1076;confiteria;chicle trident 5s sandia 8.5 gr;1.9
1077;confiteria;chicle trident adams evup fresh herbal 30.6 g;3.9
1078;confiteria;chicle trident adams evup freshmint 30.6 gr;3.9
1079;confiteria;chicle trident adams evup sand„≠a 30.6 g;3.9
1080;confiteria;chicle trident evup cool bubble 30.6 g;3.9
1081;confiteria;chicle trident evup mentcam 30.6 gr;3.9
1082;confiteria;chicle trident evup yerbcam 30.6 gr;3.9
1083;confiteria;chicle grosso 1 und;0.6
1084;confiteria;chocman costa 30 gr;1.8
1085;confiteria;chocman costa doble manjar 50 gr;1
1086;confiteria;choco crema chin chin punch 15 gr;0.8
1087;confiteria;chocolate beso de moza cl„°sico 2 und;3.2
1088;confiteria;chocolate blanco princesa barra 30 gr;2
1089;confiteria;chocolate bon o bon frutilla 15 gr;1.6
1090;confiteria;chocolate chin chin 50 gr;3
1091;confiteria;chocolate chin chin punch 90 gr;6
1092;confiteria;chocolate ferrero rocher 37.5 gr;10.4
1093;confiteria;chocolate golpe barra ba„±ada 22 g;1.5
1094;confiteria;chocolate helena peccanroll caramel crunch 30 gr;6.9
1095;confiteria;chocolate helena peccanroll clasico 30 gr;6.9
1096;confiteria;chocolate kisses cookies n creme estuche lazo 102 g;16.9
1097;confiteria;chocolate kit kat 41.5 gr;5.9
1098;confiteria;chocolate la iberica pastillas de leche 100 gr;16.9
1099;confiteria;chocolate la ib„©rica barra fondy semisweet 50 gr;5.9
1101;confiteria;chocolate la ib„©rica milky con pecanas y pasas 50 gr;8.4
1102;confiteria;chocolate la ib„©rica mily con almendras 50 gr;8.4
1103;confiteria;chocolate la ib„©rica mini fondy barra 20 gr;2.6
1104;confiteria;chocolate la ib„©rica mini milky barra 20 gr;2.6
1105;confiteria;chocolate la ib„©rica mini milky sin az„∫car barra 20 gr;3.6
1106;confiteria;chocolate lentejas nestle cajita 30 gr;2.3
1107;confiteria;chocolate m&m man„≠ 45 gr;5.3
1108;confiteria;chocolate m&m's milk 47.9 g;5.3
1109;confiteria;chocolate milky way 52.2 gr;5.3
1110;confiteria;chocolate nikolo fresa xl 43 gr;2.2
1111;confiteria;chocolate nikolo xl 43 gr;2.2
1112;confiteria;chocolate princesa fresa doypack 136 gr;14.9
1113;confiteria;chocolate princesa menta doypack 136 gr;14.9
1114;confiteria;chocolate princesa menta barra 30 gr;2
1115;confiteria;chocolate rocklets arcor tableta 28 g;2.6
1116;confiteria;chocolate snickers original 52.7 g;5.3
1117;confiteria;chocolate snickers snack 21.5 gr;2.3
1118;confiteria;chocolate sorrento 32 gr;1.7
1119;confiteria;chocolate sublime almendras 50 gr;3.5
1120;confiteria;chocolate sublime sonrisa 40 gr;2.6
1121;confiteria;chocolate triangulo sin az„∫car 17 gr;1.7
1122;confiteria;chocolate twix 40 gr;5.3
1123;confiteria;chocolate vizzio 21 g;3
1124;confiteria;chocolate vizzio bitter 72 g;8.4
1125;confiteria;chocolate vizzio costa 72 g;8.4
1126;confiteria;chocolate winters flow 48 g;3.5
1127;confiteria;chupete globo pop led print 12 g 1 und;1.3
1128;confiteria;chupete globo pop led surtido 1 und;1.4
1129;confiteria;chupete globo pop shake 1 und;0.7
1130;confiteria;chupete globo pop surtido 1 und;0.7
1131;confiteria;chupete globo pop xxl 1 und;13.9
1132;confiteria;costa vizzio estuche 122 g;16.9
1133;confiteria;coste„±o galleta de arroz cl„°sicas 150 gr;7.9
1134;confiteria;coste„±o galleta de arroz finas hierbas 150 gr;7.9
1135;confiteria;do„±a pepa 23 g;1.8
1136;confiteria;d„∫o pack oreo + ritz 350.4 gr;11.4
1137;confiteria;galleta agua line de costa 210 gr;4.4
1138;confiteria;galleta black out 60 gr;1.6
1139;confiteria;galleta casino chocolate 43 g;1.8
1140;confiteria;galleta casino fresa 43 g;1.8
1141;confiteria;galleta casino menta 43 g;1.8
1142;confiteria;galleta casino vainilla 43 gr;1.8
1143;confiteria;galleta charada rollo 122.8 gr;2.9
1144;confiteria;galleta charada de chocolate 40 gr;1.5
1145;confiteria;galleta chips ahoy 45 gr;2.4
1146;confiteria;galleta chocodonuts leche costa 36 g;1.1
1147;confiteria;galleta club social regular 26 g;1.5
1148;confiteria;galleta coconut san jorge 55 gr;1.2
1149;confiteria;galleta coronita chocolate 38 g;1.5
1150;confiteria;galleta coronita rollo 123.5 gr;2.9
1151;confiteria;galleta costa caritas 31.5 gr;1.1
1152;confiteria;galleta costa chips chocolate 36 g;1.1
1153;confiteria;galleta crackelet snack jam„≥n 47 gr;1.9
1154;confiteria;galleta cream cracker 73.5 gr;2.1
1155;confiteria;galleta de mantequilla la vita panettiere lata dorada 114 gr;6.9
1156;confiteria;galleta de mantequilla la vita panettieri lata verde oscuro 114 gr;6.9
1157;confiteria;galleta dore 230 gr;6.7
1158;confiteria;galleta hony bran belvita 33 gr;1.5
1159;confiteria;galleta integral soy diet coco 150 gr;3.5
1160;confiteria;galleta integral soy diet kiwicha 150 gr;3.5
1161;confiteria;galleta integral soy diet quinua 150 gr;3.5
1162;confiteria;galleta morochas cl„°sicas 30 gr;1.7
1163;confiteria;galleta munici„≥n san jorge 55 gr;1.2
1164;confiteria;galleta oreo chocolate rollo 126 g;3.4
1165;confiteria;galleta oreo cookie and cream 36 g;1.6
1166;confiteria;galleta oreo regular 36g;1.6
1167;confiteria;galleta oreo regular rollo 126 g;3.4
1168;confiteria;galleta p„≠caras chips 42 g;1.5
1169;confiteria;galleta p„≠caras cl„°sicas xl 60 gr;1.8
1170;confiteria;galleta p„≠caras extrema 40 gr;1.5
1171;confiteria;galleta rellenitas chocolate taco 90 gr;2.1
1172;confiteria;galleta rellenitas coco taco 90 gr;2.1
1173;confiteria;galleta rellenitas fresa taco 90 gr;2.1
1174;confiteria;galleta rellenitas gn chocolate 36 g;1.2
1175;confiteria;galleta rellenitas gn coco 36 g;1.2
1176;confiteria;galleta rellenitas gn fresa 36 g;1.2
1177;confiteria;galleta rellenitas gn lim„≥n 36 g;1.2
1178;confiteria;galleta ritz 22.4 g;1.9
1179;confiteria;galleta ritz mini original 50 gr;2.4
1180;confiteria;galleta ritz queso 34 g;1.3
1181;confiteria;galleta ritz taco caja 201 gr;6.9
1182;confiteria;galleta san jorge mini rondela 25 gr;1.5
1183;confiteria;galleta san jorge sabrochas 30 gr;1
1184;confiteria;galleta soda field original 34 g;1.4
1185;confiteria;galleta soda light costa familiar 180 gr;4.4
1186;confiteria;galleta soda san jorge 40 gr;1
1187;confiteria;galleta tentaci„≥n sabor chocolate 45 gr;1.8
1188;confiteria;galleta tentaci„≥n sabor naranja 42 gr;1.8
1189;confiteria;galleta vainilla familiar san jorge 120 gr;2.4
1190;confiteria;galleta gran cereal chocolate 40 gr;1.4
1191;confiteria;galleta gran cereal cl„°sica 40 gr;1.4
1192;confiteria;galletas colombina moments chocolate 135 gr;8.9
1193;confiteria;galletas de ma„≠z salmas granos y semillas 126 gr;12.9
1194;confiteria;galletas morochas taco 75 gr;2
1195;confiteria;galletas p„≠caras cl„°sicas 40 gr;1.5
1196;confiteria;galletas quinoa +nutri co 30 gr;3
1197;confiteria;galletas quinoa blueberry +nutri co 30 gr;3
1198;confiteria;galletas quinoa cacao fresa +nutri co 30 gr;3
1199;confiteria;galletas quinoa cacao nibs +nutri co 30 gr;3
1200;confiteria;galletas travesura 50 gr;2.9
1201;confiteria;gallete fruta mixta 55 gr;1.2
1202;confiteria;gallete vainilla field 37 g;1.7
1203;confiteria;goma de mascar trident twist fresa 17.1 g;3.5
1204;confiteria;goma de mascar trident twist menta 17.1 g;3.5
1205;confiteria;gomas trolli clasic bears 100 gr;7.4
1206;confiteria;gomas trolli sour glow worms 100 gr;7.4
1207;confiteria;gomitas fini gusanos „Åcidos 100 gr;5.1
1208;confiteria;gomitas fini moras 90 gr;5.1
1209;confiteria;gomitas fini ositos 90 gr;5.1
1210;confiteria;gomitas mogul extreme „Åcido rollo 35 gr;1.9
1211;confiteria;gomitas mogul ositos extreme 55 gr;2
1212;confiteria;gomitas mogul sandia extreme 50 gr;2.6
1213;confiteria;gomitas trolli gummy sharks 100 gr;7.4
1214;confiteria;gomitas trolli hot dog bola 90 gr;11.4
1215;confiteria;gomitas trolli neon squiggles 100 gr;7.4
1216;confiteria;gomitas grissly delf„≠n 90 gr;5.1
1217;confiteria;helado kit kat paleta 85 ml;4.9
1218;confiteria;hershey's barra milk con almendras 41 g;5.4
1219;confiteria;la iberica chocolate milky 50 gr;5.9
1220;confiteria;la iberica chocolate milky sin az„∫car 50 gr;7.4
1221;confiteria;marshmallow colombina millows surtido 145 gr;6.4
1222;confiteria;marshmellows ol„© ol„© bolsita 7 unid 4.5 gr;1.8
1223;confiteria;marshmellows ol„© ol„© vainilla 225 gr;9.9
1224;confiteria;mecano manjar de costa 19 g;1.6
1225;confiteria;nestl„© sublime bitter 40 gr;3.2
1226;confiteria;nestl„© sublime chocolate galleta 28 g;2.1
1227;confiteria;nestl„© sublime cl„°sico 30 gr;2.1
1228;confiteria;nestl„© sublime extremo 50 gr;3.5
1229;confiteria;nestl„© sublime sonrisa blanco 40 gr;2.6
1230;confiteria;oreo dark fudge 131.5 gr;5.9
1231;confiteria;pack 02 chocolate ferrero rocher 37.5 gr;15
1232;confiteria;pack 02 chocolate kit kat 41.5 gr;8
1233;confiteria;pack 05 chocolate snickers snack 21.5 gr;10
1234;confiteria;palitos de galleta pepero chocolate 47 gr;6
1235;confiteria;palitos de galleta pepero chocolate blanco 32 gr;6
1236;confiteria;princesa barra 30 gr;2
1237;confiteria;princesa box 16 und;15.9
1238;confiteria;reese's barra 47 g;5
1239;confiteria;regaliz fini fresa „Åcida 80 gr;5.1
1240;confiteria;regaliz fini twister acido 80 gr;5.1
1241;confiteria;regaliz fini uva acida 80 gr;5.1
1242;confiteria;ritz taco 58.6 g;2.5
1243;confiteria;san jorge soda familiar 75 gr;1
1244;confiteria;sublime bombones caja especial 20 und 8 g;15.9
1245;confiteria;toffees la iberica surtidos 100 gr;10.4
1246;confiteria;tri„°ngulo cl„°sico 30 gr;2.4
1247;confiteria;wafer bauducco chocolate 78 gr;3.5
1248;confiteria;wafer bauducco fresa 78 gr;3.5
1249;confiteria;wafer bauducco vainilla 78 gr;3.5
1250;confiteria;wafer ba„±ado cua cua 18 g;1.9
1251;confiteria;wafer ba„±ado cua cua mini 42 g;2.5
1252;confiteria;wafer cocosette 50 gr;2.6
1257;confiteria;wafer nik fresa 72 g;2.3
1258;confiteria;wafer nik vainilla 72 g;2.3
1259;helados;helado gelatico chocochips 930 ml;9.9
1260;helados;helado gelatico tricolor 930 ml;9.9
1261;helados;helado frio rico capuccino 130 ml;4.8
1262;helados;helado frio rico vainilla 130 ml;4.8
1263;helados;helado frio rico vainilla paleta 93 ml;6
1264;helados;helado fr„≠o rico l„∫cuma 130 ml;4.8
1265;helados;combo 02 helado gelatico (chocochips/chocolate) 930 ml;21.8
1266;helados;combo 02 helado gelatico (tricolor/chocochips) 930 ml;21.8
1267;helados;combo 02 helado gelatico (tricolor/chocolate) 930 ml;21.8
1268;helados;combo 02 helado gelatico chocochips 930 ml;21.8
1269;helados;combo 02 helado gelatico chocolate 930 ml;21.8
1270;helados;combo 02 helado gelatico tricolor 930 ml;21.8
1271;helados;helado donofrio peziduri chocochips cremoso 900 ml;10.9
1272;helados;helado donofrio peziduri tricolor cremoso 900 ml;10.9
1273;helados;helado donofrio peziduri vainilla cremoso 900 ml;10.9
1274;helados;helado frio rico maracuya paleta 93 ml;6
1275;helados;helado gelatico chocolate 930 ml;9.9
1276;helados;helado alaska camu camu 70 ml;2.6
1277;helados;helado alaska fresa 75 ml;2.6
1278;helados;helado alaska maracuya 75 ml;2.6
1283;helados;helado kit kat layers 900 ml;26.9
1284;helados;helado kit kat paleta 85 ml;4.9
1285;helados;helado donofrio sandwich vainilla 112 ml;3.7
1286;helados;helado grand prix bombones 216 ml;15.9
1287;helados;helado grand prix bombones 72 ml;5.7
1288;helados;helado sublime 80 ml;3.6
1289;helados;pack 02 helado alaska (fresa/camu camu) 70 ml;3.5
1290;helados;pack 02 helado alaska (fresa/maracuya) 70 ml;3.5
1291;helados;pack 02 helado alaska (maracuya/camu camu) 70 ml;3.5
1292;helados;pack 02 helado alaska camu camu 70 ml;3.5
1293;helados;pack 02 helado alaska fresa 75 ml;3.5
1294;helados;pack 02 helado alaska maracuya 75 ml;3.5
1295;helados;pack 02 helado grand prix bombones 216 ml;31.8
1296;helados;pack 04 donofrio sin parar lucuma 170 ml;22
1297;helados;pack 04 helado d'onofrio bombones 72 ml;13.9
1298;helados;pack 04 helado frio rico capuccino 120 ml;13.9
1299;helados;pack 04 helado frio rico lucuma 120 ml;13.9
1300;helados;pack 04 helado frio rico vainilla 120 ml;13.9
1301;helados;pack 04 helado sin parar lucuma 80.5 ml;12.9
1302;helados;pack 04 helado sin parar twist 80.5 ml;12.9
1303;helados;pack 04 sandwich sin parar twist 80.5 ml;16
1304;abarrotes;pack 03 aceite primor vegetal 900 ml;28.5
1305;abarrotes;avena quaker tradicional 100g;1.9
1306;abarrotes;crema de avellanas gurmex duo 350 gr;5.9
1307;abarrotes;crema de avellanas gurmex original 350 gr;5.9
1308;abarrotes;pack 02 aceite primor vegetal 900 ml;19
1309;abarrotes;pack 02 aceite vegetal coraz„≥n del fundo 900 ml;15
1310;abarrotes;pack 02 arroz extra coraz„≥n del fundo 750 gr;7.8
1311;abarrotes;pack 02 az„∫car rubia coraz„≥n del fundo 1 kg;9
1312;abarrotes;pack 02 trozos de at„∫n en aceite coraz„≥n del mar 150 gr;9
1313;abarrotes;pack 03 aceite vegetal coraz„≥n del fundo 900 ml;22.5
1314;abarrotes;pack 03 spaghetti molitalia 450 gr;13.2
1315;abarrotes;pack 04 filete de at„∫n en aceite coraz„≥n del mar 150 gr;17.9
1316;abarrotes;pack 04 trozos de at„∫n en aceite coraz„≥n del mar 150 gr;17.9
1317;abarrotes;pack 05 filete de at„∫n en aceite coraz„≥n del mar 150 gr;24.5
1318;abarrotes;pack 05 trozos de at„∫n en aceite coraz„≥n del mar 150 gr;22.5
1319;abarrotes;pack aceite vegetal coraz„≥n del fundo 900 ml + arroz extra coraz„≥n del fundo 750 gr;14
1320;abarrotes;sopa ajinomen sabor carne picante vaso 51 gr;3.7
1321;abarrotes;sopa ajinomen sabor carne con fideos 51 g;3.7
1322;abarrotes;sopa ajinomen sabor pollo con fideos 51 g;3.7
1323;abarrotes;tallar„≠n molitalia 450 gr;4.4
1324;abarrotes;aceite de oliva olivos del sur extra virgen 500 ml;37.9
1325;abarrotes;aceite primor vegetal 900 ml;9.5
1326;abarrotes;aceite vegetal coraz„≥n del fundo 900 ml;7.5
1327;abarrotes;aji criollo saborissima 100 gr;1.9
1328;abarrotes;arroz coste„±o graneadito 750 gr;3.9
1329;abarrotes;arroz extra coraz„≥n del fundo 750 gr;3.5
1330;abarrotes;arveja partida coraz„≥n del fundo 450 gr;3.5
1331;abarrotes;az„∫car rubia coraz„≥n del fundo 1 kg;4.5
1332;abarrotes;barra de cereal quinoa bars de man„≠ con chocolate 30 gr;3.3
1333;abarrotes;barra de cereal quinoa bars de man„≠ con pasas 30 gr;3.3
1334;abarrotes;bebida l„°ctea pro uht chocolate 320 ml;4.8
1335;abarrotes;bebida l„°ctea shake uht gloria capuccino 320 ml;2.9
1340;abarrotes;bebida de cebada ecco 170 gr;11.5
1341;abarrotes;bowl shin ramyun 86 gr;8.9
1342;abarrotes;cafe sello rojo 425 gr;22.9
1343;abarrotes;caf„© instant„°neo cl„°sico altomayo doy pack 100 gr;10.5
1344;abarrotes;caf„© instant„°neo gourmet altomayo doy pack 45 gr;7.9
1345;abarrotes;caf„© nescaf„© tradici„≥n dawn 95 gr;19
1346;abarrotes;cereal chocapic 90 gr;4.5
1347;abarrotes;cereal copix choco/marsh „Ångel 120 gr;3.5
1348;abarrotes;cereal corn flakes 110 gr;6.5
1349;abarrotes;cereal corn flakes 180 gr;12.9
1350;abarrotes;cereal „Ångel chock 130 gr;3.5
1351;abarrotes;cereal „Ångel flakes 140 gr;3.5
1352;abarrotes;cereal „Ångel zuck 130 gr;3.5
1353;abarrotes;conserva filete de at„∫n campomar 150 gr;5.7
1354;abarrotes;conserva lomos de atun en agua y sal 170 gr;5.9
1355;abarrotes;conserva trozos de at„∫n campomar 150 gr;5.5
1356;abarrotes;conserva trozos de at„∫n florida 140 gr;6.5
1357;abarrotes;crema de aji tari 85 gr;4.4
1358;abarrotes;fideos tornillo molitalia 250 gr;2.3
1359;abarrotes;filete de at„∫n en aceite coraz„≥n del mar 150 gr;4.9
1360;abarrotes;flan universal vainilla 150 gr;4.2
1361;abarrotes;fortificante milo doypack 200 gr;11.4
1362;abarrotes;fortificante nesquik optistart 200 gr;8.4
1363;abarrotes;frijol canario coraz„≥n del fundo 450 gr;6.4
1364;abarrotes;gelatina universal fresa diet 19 gr;4
1365;abarrotes;gelatina de fresa universal 150 gr;4.7
1366;abarrotes;harina molitalia preparada 1 kg;7.4
1367;abarrotes;infusi„≥n anis mc colins 25 und;3.6
1368;abarrotes;infusi„≥n hierba luisa mc colins 25 und;3.6
1369;abarrotes;infusi„≥n manzanilla mc colins 25 und;3.6
1370;abarrotes;infusi„≥n te canela y clavo mc colins 25 und;3.6
1371;abarrotes;ketchup alacena 380 gr;6.9
1372;abarrotes;leche condensada nestl„© 393 g;7.9
1373;abarrotes;lenteja bebe coraz„≥n del fundo 450 gr;3.5
1374;abarrotes;macaroni & cheese jappy macs original 226 gr;3.9
1375;abarrotes;manjar blanco nestl„© 200 gr;5.8
1376;abarrotes;mayonesa alacena 190 gr;5.9
1377;abarrotes;mayonesa saborissima baja en grasa 100 gr;1.9
1378;abarrotes;mazamorra morada universal 150 gr;3.4
1379;abarrotes;ma„≠z pop corn coraz„≥n del fundo 450 gr;1.5
1380;abarrotes;mermelada fresa gloria sachet 100 gr;1.9
1381;abarrotes;mermelada vive day fresa 350 gr;3.9
1382;abarrotes;nissin sopa ramen pollo 85 gr;2.1
1383;abarrotes;pack 03 arroz coste„±o graneadito 750 gr;11.7
1384;abarrotes;pack 03 arroz extra coraz„≥n del fundo 750 gr;10.5
1385;abarrotes;pack 04 conserva trozos de at„∫n campomar 150 gr;22
1386;abarrotes;pack 04 spaghetti molitalia 450 gr;14
1387;abarrotes;pack 04 tallar„≠n molitalia 450 gr;14
1388;abarrotes;pur„© tradicional knorr 125 gr;3.3
1389;abarrotes;sal de cocina ensal 500 gr;1.4
1390;abarrotes;salsa huancaina alacena 85 gr;5.4
